<?xml version="1.0" encoding="UTF-8" standalone="no"?>
<!-- Generated Oct 6, 2018 10:25:25 AM by Hibernate Tools 5.3.1.Final --><!DOCTYPE hibernate-mapping PUBLIC "-//Hibernate/Hibernate Mapping DTD 3.0//EN" "http://www.hibernate.org/dtd/hibernate-mapping-3.0.dtd">
<hibernate-mapping auto-import="true" default-access="property" default-cascade="none" default-lazy="true">
    <class catalog="pga" dynamic-insert="false" dynamic-update="false" mutable="true" name="com.pga.Dept" optimistic-lock="version" polymorphism="implicit" select-before-update="false" table="dept">
        <id name="dno" type="int">
            <column name="dno"/>
            <generator class="assigned"/>
        </id>
        <property generated="never" lazy="false" name="dname" optimistic-lock="true" type="string" unique="false">
            <column length="20" name="dname"/>
        </property>
        <set name="employees" table="employee">
            <key on-delete="noaction">
                <column name="dId"/>
            </key>
            <one-to-many class="com.pga.Employee" />
        </set>
    </class>
</hibernate-mapping>
